#############################################;;;;;;;;;;;;;;x
#National Focuses;;;;;;;;;;;;;;x
#############################################;;;;;;;;;;;;;;x
tier_1_focus;Tier 1;;;;;;;;;x;;;;
tier_2_focus;Tier 2;;;;;;;;;x;;;;
tier_3_focus;Tier 3;;;;;;;;;x;;;;
tier_4_focus;Tier 4;;;;;;;;;x;;;;
tier_5_focus;Tier 5;;;;;;;;;x;;;;
tier_6_focus;Tier 6;;;;;;;;;x;;;;
pop_needs_reduction;Reduce POP Needs;;;;;;;;;x;;;;
clerks_craftsmen;Promote Craftsmen and Clerks;;;;;;;;;x;;;;
input_clerks;Promote Clerks and Reduce Factory Inputs;;;;;;;;;x;;;;
output_clerks;Promote Clerks and Increase Factory Outputs;;;;;;;;;x;;;;
input_craftsmen;Promote Craftsmen and Reduce Factory Inputs;;;;;;;;;x;;;;
output_craftsmen;Promote Craftsmen and Increase Factory Outputs;;;;;;;;;x;;;;
factory_input_output_bonus;Reduce Factory Inputs and Increase Factory Outputs;;;;;;;;;x;;;;
input_output_craftsmen;Promote Craftsmen and Reduce Factory Inputs as well as Increase Factory Outputs;;;;;;;;;x;;;;
input_output_clerks;Promote Clerks and Reduce Factory Inputs as well as Increase Factory Outputs;;;;;;;;;x;;;;
input_output_soldiers;Promote Soldiers and Reduce Factory Inputs as well as Increase Factory Outputs;;;;;;;;;x;;;;
reduce_factory_input_output_bonus;Increase Factory Inputs and Decrease Factory Outputs of Rival;;;;;;;;;x;;;;
input_output_rgos;Reduce Factory Inputs, Increase Factory Outputs, and Increase Mining/Farming Efficiency;;;;;;;;;x;;;;
soldier_assimilation_bonus;Promote Soldiers and Boost Assimilation Rate;;;;;;;;;x;;;;
craftsmen_assimilation_bonus;Promote Craftsmen and Boost Assimilation Rate;;;;;;;;;x;;;;
factory_input_bonus;Reduce Factory Inputs;;;;;;;;;x;;;;
factory_output_bonus;Increase Factory Outputs;;;;;;;;;x;;;;
mining_bonus;Bonus Mining Efficiency;;;;;;;;;x;;;;
farming_bonus;Bonus Farming Efficiency;;;;;;;;;x;;;;
assimilation_bonus;Bonus Assimilation Rate;;;;;;;;;x;;;;
internal_migration;Internal Migrant Priority;;;;;;;;;x;;;;
bureaucrat_migration_bonus;Promote Bureaucrats and Increase Internal Migrant Priority;;;;;;;;;x;;;;
internal_push;Increased Migration Push;;;;;;;;;x;;;;
ship_focus;Ship Repair Speed;;;;;;;;;x;;;;
militancy_and_reform_focus;Raise Reform Desire and Militancy;;;;;;;;;x;;;;
mine_and_farm_bonus;Bonus Mining and Farming Efficiency;;;;;;;;;x;;;;
promote_aristocrats;Encourage Aristocrats Tier 1;Encourager les aristocrates ;Aristokraten f—rdern;;Potenciar aristµcratas ;;;;;;;;;x;;;;
promote_artisans;Encourage Artisans Tier 1;Encourager les artisans ;Handwerker f—rdern;;Potenciar artesanos ;;;;;;;;;x;;;;
promote_bureaucrats;Encourage Bureaucrats Tier 1;Encourager les bureaucrates ;BEokraten f—rdern;;Potenciar burµcratas ;;;;;;;;;x;;;;
promote_capitalists;Encourage Capitalists Tier 1;Encourager les capitalistes ;Kapitalisten f—rdern;;Potenciar capitalistas ;;;;;;;;;x;;;;
promote_clergymen;Encourage Clergymen Tier 1;Encourager les membres du clergE;Geistliche f—rdern;;Potenciar clÕrigos ;;;;;;;;;x;;;;
promote_clerks;Encourage Clerks Tier 1;Encourager les employÕs ;Angestellte f—rdern;;Potenciar oficinistas ;;;;;;;;;x;;;;
promote_craftsmen;Encourage Craftsmen Tier 1;Encourager les ouvriers ;Facharbeiter f—rdern;;Potenciar obreros ;;;;;;;;;x;;;;
promote_farmers;Encourage Farmers Tier 1;Encourager les fermiers ;Bauern f—rdern;;Potenciar campesinos ;;;;;;;;;x;;;;
promote_labourers;Encourage Labourers Tier 1;Encourager les mineurs ;Arbeiter f—rdern;;Potenciar peones ;;;;;;;;;x;;;;
promote_officers;Encourage Officers Tier 1;Encourager les officiers ;Offiziere f—rdern;;Potenciar oficiales ;;;;;;;;;x;;;;
promote_soldiers;Encourage Soldiers Tier 1;Encourager les soldats ;Soldaten f—rdern;;Potenciar soldados ;;;;;;;;;x;;;;
promote_bureaucrats_2;Encourage Bureaucrats Tier 2;;;;;;;;;x;;;;
promote_capitalists_2;Encourage Capitalists Tier 2;;;;;;;;;x;;;;
promote_clergymen_2;Encourage Clergymen Tier 2;;;;;;;;;x;;;;
promote_clerks_2;Encourage Clerks Tier 2;;;;;;;;;x;;;;
promote_craftsmen_2;Encourage Craftsmen Tier 2;;;;;;;;;x;;;;
promote_officers_2;Encourage Officers Tier 2;;;;;;;;;x;;;;
promote_soldiers_2;Encourage Soldiers Tier 2;;;;;;;;;x;;;;
promote_bureaucrats_3;Encourage Bureaucrats Tier 3;;;;;;;;;x;;;;
promote_capitalists_3;Encourage Capitalists Tier 3;;;;;;;;;x;;;;
promote_clergymen_3;Encourage Clergymen Tier 3;;;;;;;;;x;;;;
promote_clerks_3;Encourage Clerks Tier 3;;;;;;;;;x;;;;
promote_craftsmen_3;Encourage Craftsmen Tier 3;;;;;;;;;x;;;;
promote_officers_3;Encourage Officers Tier 3;;;;;;;;;x;;;;
promote_soldiers_3;Encourage Soldiers Tier 3;;;;;;;;;x;;;;
promote_bureaucrats_4;Encourage Bureaucrats Tier 4;;;;;;;;;x;;;;
promote_capitalists_4;Encourage Capitalists Tier 4;;;;;;;;;x;;;;
promote_clergymen_4;Encourage Clergymen Tier 4;;;;;;;;;x;;;;
promote_clerks_4;Encourage Clerks Tier 4;;;;;;;;;x;;;;
promote_craftsmen_4;Encourage Craftsmen Tier 4;;;;;;;;;x;;;;
promote_officers_4;Encourage Officers Tier 4;;;;;;;;;x;;;;
promote_soldiers_4;Encourage Soldiers Tier 4;;;;;;;;;x;;;;
promote_bureaucrats_5;Encourage Bureaucrats Tier 5;;;;;;;;;x;;;;
promote_capitalists_5;Encourage Capitalists Tier 5;;;;;;;;;x;;;;
promote_clergymen_5;Encourage Clergymen Tier 5;;;;;;;;;x;;;;
promote_clerks_5;Encourage Clerks Tier 5;;;;;;;;;x;;;;
promote_craftsmen_5;Encourage Craftsmen Tier 5;;;;;;;;;x;;;;
promote_officers_5;Encourage Officers Tier 5;;;;;;;;;x;;;;
promote_soldiers_5;Encourage Soldiers Tier 5;;;;;;;;;x;;;;
promote_bureaucrats_6;Encourage Bureaucrats Tier 6;;;;;;;;;x;;;;
promote_capitalists_6;Encourage Capitalists Tier 6;;;;;;;;;x;;;;
promote_clergymen_6;Encourage Clergymen Tier 6;;;;;;;;;x;;;;
promote_clerks_6;Encourage Clerks Tier 6;;;;;;;;;x;;;;
promote_craftsmen_6;Encourage Craftsmen Tier 6;;;;;;;;;x;;;;
promote_officers_6;Encourage Officers Tier 6;;;;;;;;;x;;;;
promote_soldiers_6;Encourage Soldiers Tier 6;;;;;;;;;x;;;;
production_focus;Production ;Production ;Produktion;;Producciµn ;;;;;;;;;x;;;;
automation_focus;Encourage Automotive Industry ;Encourager l'industrie automobile ;Automobilindustrie f—rdern;;Potenciar industria automotriz ;;;;;;;;;x;;;;
electrical_focus;Encourage Electrical Industry ;Encourager l'industrie Õlectrique ;Elektroindustrie f—rdern;;Potenciar industria elÕctrica ;;;;;;;;;x;;;;
chemical_focus;Encourage Chemical Industry ;Encourager l'industrie chimique ;Chemische Industrie f—rdern;;Potenciar industria quºica ;;;;;;;;;x;;;;
shipping_focus;Encourage Shipping Industry ;Encourager l'industrie navale ;Schifffahrtsindustrie f—rdern;;Potenciar industria naval ;;;;;;;;;x;;;;
textile_focus;Encourage Textile Industry ;Encourager l'industrie textile ;Textilindustrie f—rdern;;Potenciar industria textil ;;;;;;;;;x;;;;
wood_focus;Encourage Wood Industry ;Encourager l'industrie du bois ;Holzindustrie f—rdern;;Potenciar industria maderera ;;;;;;;;;x;;;;
basic_industry_focus;Encourage Basic Industry ;Encourager l'industrie de base ;Grundstoffindustrie f—rdern;;Potenciar industria bÃsica ;;;;;;;;;x;;;;
armaments_focus;Encourage Armaments Industry ;Encourager l'industrie de l'armement ;Waffenindustrie f—rdern;;Potenciar industria de armamentos ;;;;;;;;;x;;;;
consumer_focus;Encourage Consumer Goods Industry ;Encourager l'industrie des biens de consommation ;GebrauchsgEerindustrie f—rdern;;Potenciar industria de bienes de consumo ;;;;;;;;;x;;;;
railroad_build_desc;Capitalists ÏY$VAL$ÏW% more likely to build railroads.;ÏY$VAL$%ÏW des capitalistes ont plut¶t tendance Econstruire des chemins de fer.;Kapitalisten bauen ÏY$VAL$ÏW% mit gr—Ôerer Wahrscheinlichkeit Eisenbahnen.;;Un ÏY$VAL$ÏW% de capitalistas prefieren construir ferrocarriles.;;;;;;;;;x;;;;
immigration_focus_desc;Migrants ÏY$VAL$ÏW% more likely to choose region.;ÏY$VAL$%ÏW des immigrants ont plut¶t tendance Echoisir une rÕgion.;Einwanderer wðhlen diese Region mit um ÏY$VAL$ÏW% gr—Ôerer Wahrscheinlichkeit aus.;;Un ÏY$VAL$ÏW% de inmigrantes prefieren elegir regiµn.;;;;;;;;;x;;;;
colony_focus_desc;Increase colony level by about ÏY$VAL$ÏW% each month.;Augmenter le niveau de la colonie d'environ ÏY$VAL$%ÏW tous les mois.;Kolonialstufe monatlich um ÏY$VAL$ÏW% erh—hen.;;Incrementa el nivel de colonia en torno a un ÏY$VAL$ÏW% cada mes.;;;;;;;;;x;;;;
REMOVE_FOCUS;Remove Focus;Supprimer la cause;Fokus entfernen;;Quitar prioridad;;;;;;;;;x;;;;
#############State Nations (Pero Credit)##############;;;;;;;;;;;;;;x
TIN;ÏGTiny State Flag\nÏWThis province is in a state that meets the following criteria:\nÏY1836 - 1870 ÏWLess than 100k POPs\nÏY1870 - 1900 ÏWLess than 150k POPs\nÏY1900+ ÏWLess than 200k POPs\n\nÏRWarscore Costs (0.5x For Great Wars)\nÏWThis province is in a state that has the following costs:\nÏYAcquire Core: ÏW4% Warscore\nÏYAcquire State: ÏW12% Warscore\nÏYDemand Concession: ÏW8% Warscore\nÏYPlace in the Sun: ÏW4% Warscore\nÏYFree Peoples: ÏW12% Warscore\nÏYTake Capital: ÏW66% Warscore;;;;;;;;;;;;;x
SMA;ÏGSmall State Flag\nÏWThis province is in a state that meets the following criteria:\nÏY1836 - 1870 ÏW100k to 450k POPs\nÏY1870 - 1900 ÏW150k to 650k POPs\nÏY1900+ ÏW200k to 800k POPs\n\nÏRWarscore Costs (0.5x For Great Wars)\nÏWThis province is in a state that has the following costs:\nÏYAcquire Core: ÏW12% Warscore\nÏYAcquire State: ÏW24% Warscore\nÏYDemand Concession: ÏW16% Warscore\nÏYPlace in the Sun: ÏW8% Warscore\nÏYFree Peoples: ÏW24% Warscore\nÏYTake Capital: ÏW66% Warscore;;;;;;;;;;;;;x
MED;ÏGMedium State Flag\nÏWThis province is in a state that meets the following criteria:\nÏY1836 - 1870 ÏW450k to 750k POPs\nÏY1870 - 1900 ÏW650k to 1.05M POPs\nÏY1900+ ÏW800k to 1.4M POPs\n\nÏRWarscore Costs (0.5x For Great Wars)\nÏWThis province is in a state that has the following costs:\nÏYAcquire Core: ÏW16% Warscore\nÏYAcquire State: ÏW32% Warscore\nÏYDemand Concession: ÏW24% Warscore\nÏYPlace in the Sun: ÏW12% Warscore\nÏYFree Peoples: ÏW32% Warscore\nÏYTake Capital: ÏW66% Warscore;;;;;;;;;;;;;x
LRG;ÏGLarge State Flag\nÏWThis province is in a state that meets the following criteria:\nÏY1836 - 1870 ÏW750k to 1.05M POPs\nÏY1870 - 1900 ÏW1.05M to 1.5M POPs\nÏY1900+ ÏW1.4M to 2M POPs\n\nÏRWarscore Costs (0.5x For Great Wars)\nÏWThis province is in a state that has the following costs:\nÏYAcquire Core: ÏW24% Warscore\nÏYAcquire State: ÏW48% Warscore\nÏYDemand Concession: ÏW32% Warscore\nÏYPlace in the Sun: ÏW16% Warscore\nÏYFree Peoples: ÏW48% Warscore\nÏYTake Capital: ÏW66% Warscore;;;;;;;;;;;;;x
HUG;ÏGHuge State Flag\nÏWThis province is in a state that meets the following criteria:\nÏY1836 - 1870 ÏWGreater than 1.05M POPs\nÏY1870 - 1900 ÏWGreater than 1.5M POPs\nÏY1900+ ÏWGreater than 2M POPs\n\nÏRWarscore Costs (0.5x For Great Wars)\nÏWThis province is in a state that has the following costs:\nÏYAcquire Core: ÏW32% Warscore\nÏYAcquire State: ÏW64% Warscore\nÏYDemand Concession: ÏW40% Warscore\nÏYPlace in the Sun: ÏW20% Warscore\nÏYFree Peoples: ÏW64% Warscore\nÏYTake Capital: ÏW66% Warscore;;;;;;;;;;;;;x
#############################################;;;;;;;x
#New Units;;;;;;;x
#############################################;;;;;;;x
infantry_offensive;Offensive Infantry;;;;InfanterÚa ofensiva;;;x
infantry_defensive;Defensive Infantry;;;;InfanterÚa defensiva;;;x
artillery_offensive;Offensive Artillery;;;;ArtillerÚa ofensiva;;;x
artillery_defensive;Defensive Artillery;;;;ArtillerÚa defensiva;;;x
#############################################;;;;;;;x
#Generic Political Parties;;;;;;;x
#############################################;;;;;;;x
generic_conservative;Generic Conservative;;;;Conservador generico;;;x
generic_reactionary;Generic Reactionary;;;;Reaccionario generico;;;x
generic_liberal;Generic Liberal;;;;Liberal generico;;;x
generic_socialist;Generic Socialist;;;;Socialista generico;;;x
generic_communist;Generic Communist;;;;Comunista generico;;;x
generic_fascist;Generic Fascist;;;;Fascista generico;;;x
#############################################;;;;;;;x
#Event and Decision Names;;;;;;;x
#############################################;;;;;;;x
EVTOPTA99999901;Nice.;;;;!Me parece bien!;;;x
EVTOPTA99999902;Nice.;;;;!Me parece bien!;;;x
EVTOPTA99999903;Nice.;;;;!Me parece bien!;;;x
EVTOPTA99999904;Nice.;;;;!Me parece bien!;;;x
EVTOPTA99999905;Nice.;;;;!Me parece bien!;;;x
EVTNAME99999901;Tractors and Trawlers;;;;Tractores y arrastreros;;;x
EVTDESC99999901;Mechanized farming, mining, and fishing has arrived in this country, which facilitates an increase in raw resource production.;;;;La agricultura, la minerÚa y la pesca mecanizadas han llegado a este paÚs, lo que facilita el aumento de la producciµn de materias primas.;;;x
EVTNAME99999902;Electricity;;;Electricidad;;;x
EVTDESC99999902;Electricity has arrived in this country, which facilitates an increase in raw resource production and industrial throughput.;;;;La electricidad ha llegado a este paÚs, lo que facilita el aumento de la producciµn de materias primas y del rendimiento industrial.;;;x
EVTNAME99999903;Nitroglycerin;;;;Nitroglicerina;;;x
EVTDESC99999903;Nitroglycerin has arrived in this country, which facilitates an increase in raw resource production.;;;;La nitroglicerina ha llegado a este paÚs, lo que facilita el aumento de la producciµn de recursos en bruto.;;;x
EVTNAME99999904;Commercial Retailers;;;;Minoristas comerciales;;;x
EVTDESC99999904;Establishment of complex distribution channels has begun in this country, which facilitates an increase in raw resource production.;;;;En este paÚs se ha iniciado el establecimiento de complejos canales de distribuciµn, lo que facilita el aumento de la producciµn de recursos en bruto.;;;x
EVTNAME99999905;Mechanized Production;;;;Producciµn mecanizada;;;x
EVTDESC99999905;Mechanized production has arrived in this country, which facilitates an increase in raw resource production and industrial throughput.;;;;La producciµn mecanizada ha llegado a este paÚs, lo que facilita el aumento de la producciµn de recursos brutos y del rendimiento industrial.;;;x
country_tractors;Tractors and Trawlers;;;;Tractores y arrastreros;;;x
desc_country_tractors;Mechanized farming, mining, and fishing has arrived in this country, which facilitates an increase in raw resource production.;;;;La agricultura, la minerÚa y la pesca mecanizadas han llegado a este paÚs, lo que facilita el aumento de la producciµn de materias primas.;;;x
country_electricity;Electricity;;;;Electricidad;;;x
desc_country_electricity;Electricity has arrived in this country, which facilitates an increase in raw resource production.;;;;La electricidad ha llegado a este paÚs, lo que facilita el aumento de la producciµn de materias primas.;;;x
country_nitroglycerin;Nitroglycerin;;;;Nitroglicerina;;;x
desc_country_nitroglycerin;Nitroglycerin has arrived in this country, which facilitates an increase in raw resource production.;;;;La nitroglicerina ha llegado a este paÚs, lo que facilita el aumento de la producciµn de recursos en bruto.;;;x
country_distribution_channels;Commercial Retailers;;;;Minoristas comerciales;;;x
desc_country_distribution_channels;Establishment of complex distribution channels have begun in this country, which facilitates an increase in raw resource production.;;;;En este paÚs se han empezado a establecer complejos canales de distribuciµn, lo que facilita el aumento de la producciµn de recursos en bruto.;;;x
country_machine_tools;Mechanized Production;;;;Producciµn mecanizada;;;x
desc_country_machine_tools;Mechanized production has arrived in this country, which facilitates an increase in raw resource production and industrial throughput.;;;;La producciµn mecanizada ha llegado a este paÚs, lo que facilita el aumento de la producciµn de recursos brutos y del rendimiento industrial.;;;x
equatoria_expedition_ARA_title;Launch Equatoria Expedition;;;;Lanzamiento de la Expediciµn Equatoria;;;x
equatoria_expedition_ARA_desc;The Khedive of Egypt, Ismail I commissioned an expedition to explore the Equatoria region south of the Sudan, and to organize a new Egyptian province there. A British explorer and engineer named Samuel White Baker who had led an expedition down the Nile in 1865 was contracted by the Khedive to lead the Egyptian forces and to be the first Governor-General of the new territory..;;;;El jedive de Egipto, Ismail I, encargµ una expediciµn para explorar la regiµn de Ecuatoria, al sur de SudÃn, y organizar allÚ una nueva provincia egipcia. Un explorador e ingeniero britÃnico llamado Samuel White Baker, que habÚa dirigido una expediciµn por el Nilo en 1865, fue contratado por el jedive para dirigir las fuerzas egipcias y ser el primer gobernador general del nuevo territorio...;;;x
conquest_of_darfur_ARA_title;Begin Conquest of Darfur;;;;Comienza la conquista de Darfur;;;x
conquest_of_darfur_ARA_desc;An expansionist Khedive, Ismail I moved to incorporate the territory of Darfur into the Egyptian Sudan in 1874.;;;;Ismail I, un jedive expansionista, se propuso incorporar el territorio de Darfur al SudÃn egipcio en 1874.;;;x
craftsmen_fix_cooldown;Craftsmen Fix Cooldown;;;;Esto hizo que los trabajadores se convirtieran en artesanos.;;;x
craftsmen_fix_cooldown_desc;Craftsmen Fix Cooldown is 10 years.;;;;Se puede tomar esta decisiµn cada 10 anos;;;x
bureaucrats_fix_cooldown;Non-Accepted Bureaucrats Fix Cooldown;;;; Convertir a los burµcratas no aceptados en artesanos;;;x
bureaucrats_fix_cooldown_desc;Non-Accepted Bureaucrats Fix Cooldown is 10 years.;;;;Convertir a los burµcratas no aceptados en artesanos. Se puede tomar esta decisiµn cada 10 anos;;;x 
EVTNAME9999901;Craftsmen Exploit Salvage;;;;Los artesanos explotan el salvamento;;;x
EVTDESC9999901;This event converts all non-core/non-accepted craftsmen on your cores into artisans.;;;;Este evento convierte en artesanos a todos los artesanos no aceptados en tus nºcleos.;;;x
EVT2600OPTA;Integrate Them.;;;;Integralos.;;;x
EVT2600OPTB;Reject Them.;;;;RechÃzalos.;;;x
EVT2605OPTA;Hurrah!;;;;!Hurra!;;;x
craftsmen_fix_title;Craftsmen Salvage Decision (10 year cooldown);;;;Decisiµn para cambiar a los trabajadores no aceptados.;;;x
craftsmen_fix_desc;This decision is intended to salvage your country after it has been craftsmen hijacked. It will revert all non-core/non-accepted craftsmen on your cores to artisans so that your core craftsmen will start working. (Think South Germans in Venetia hijacking.) BE CAREFUL OF USE.;;;;Esta decisiµn pretende salvar tu paÚs despues de que haya sido secuestrado por artesanos. RevertirÃ a todos los artesanos no primeras/no aceptados en tus nºcleos a artesanos para que tus artesanos centrales empiecen a trabajar. (Piensa en los alemanes del sur en el secuestro de Venecia).  TENGA CUIDADO CON EL USO.;;;x
bureaucrats_fix_title;Non-Accepted Bureaucrats Decision (10 year cooldown);;;;Decision sobre los burµcratas no aceptados.;;;x
bureaucrats_fix_desc;This decision is intended to convert non-accepted Bureaucrats into Artisans, in both states and colonies, so they stop getting fat off of state admin funding.;;;;Esta decisiµn pretende convertir a los burµcratas no aceptados en artesanos, tanto en los estados como en las colonias, para que dejen de engordar con los fondos de la administraciµn estatal.;;;x
france_sphere_jap_title;Ask The French Empire for Support;;;;Pida apoyo al Imperio frances;;;x
france_sphere_jap_desc;While France rules in Europe, we can rule in Asia, making an alliance between our two nations a logical decision. They will understand then that we require her resources to prosper in our time of need. (Decision only available in 1836);;;;Mientras Francia gobierna en Europa, nosotros podemos gobernar en Asia, por lo que una alianza entre nuestras dos naciones es una decisiµn lµgica. ComprenderÃn entonces que necesitamos sus recursos para prosperar en nuestros tiempos de necesidad. (Decisiµn sµlo disponible en 1836);;;x
usa_sphere_jap_title;Ask the United States for Support;;;;Pedir apoyo a Estados Unidos;;;x
usa_sphere_jap_desc;Clearly we cannot trust other interests in Asia, but we can't fuel this machine on good will. There appears to be a budding nation across the Pacific... they may be able to provide us with markets in our time of need. (Decision only available in 1836);;;;EstÃ claro que no podemos confiar en otros intereses en Asia, pero no podemos alimentar esta mÃquina con buena voluntad. Parece que hay una naciµn en ciernes al otro lado del PacÚfico... puede que nos proporcionen mercados en nuestros momentos de necesidad. (Decisiµn sµlo disponible en 1836);;;x
rus_sphere_jap_title;Ask Russian Empire for Support;;;;Pida apoyo al Imperio Ruso;;;x
rus_sphere_jap_desc;If our interests are in China, then surely allying ourselves with the next best thing to overcome her would be the right course of action. (Decision only available in 1836);;;;Si nuestros intereses estÃn en China, entonces seguramente aliarnos con la siguiente mejor opciµn para vencerla serÚa el curso de acciµn correcto. (Decisiµn sµlo disponible en 1836);;;x
change_tech_school_on_title;Change Tech School (Hidden);;;;Cambiar la escuela tecnica (oculta);;;x
change_tech_school_on_desc;Show Tech School Decisions;;;;Mostrar las decisiones de la escuela tecnica;;;x
change_tech_school_off_title;Change Tech School (Showing);;;;Cambiar la escuela tecnica (mostrar);;;x
change_tech_school_off_desc;Hide Tech School Decisions;;;;Ocultar las decisiones de la escuela tecnica;;;x
player_alliances_title;Ally All Player Nations;;;;Ally Todos los jugadores de las naciones;;;x
player_alliances_desc;Automatically allies all player nations. DO NOT SPAM.;;;;AlÚa automÃticamente todas las naciones de los jugadores. NO HACER SPAM.;;;x
assert_on_steppe_title;Assert Ourselves in Central Asia;;;;Afirmarnos en Asia Central;;;x
assert_on_steppe_desc;The Major Powers chaffing at our periphery is inclining us to attempt projecting into the steppe, but who could possibly own such a vast region with land ownership? The real value is the people themselves.;;;;Las grandes potencias que se agitan en nuestra periferia nos inclinan a intentar proyectarnos en la estepa, pero ?quien podrÚa poseer una regiµn tan vasta con la propiedad de la tierra? El verdadero valor es la propia gente.;;;x
enact_the_homestead_act_mexico_title;The Mexican Homestead Act;;;;Ley de Asentamientos Rurales de Mexico;;;x
enact_the_homestead_act_mexico_desc;During this time period, there were land reforms in Mexico very similar to the United States Homestead Act.;;;;Durante este periodo de tiempo, hubo reformas agrarias en Mexico muy similares a la Homestead Act de Estados Unidos.;;;x
#############################################;;;;;;;x
double_down_in_the_balkans_title;Double Down in the Balkans;;;;Doblete en los Balcanes;;;x
double_down_in_the_balkans_desc;For too long have the peoples of the Balkans thwarted our efforts of expansion. Let us focus all our attention to the re-education and assimilation of these barbaric peoples.;;;;Durante demasiado tiempo los pueblos de los Balcanes han frustrado nuestros esfuerzos de expansiµn. Centremos toda nuestra atenciµn en la reeducaciµn y asimilaciµn de estos pueblos bÃrbaros.;;;x
#############################################;;;;;;;x
#Additional Provinces;;;;;;;x
#############################################;;;;;;;x
PROV3258;Benevento;;;;Benevento;;;x
PROV3259;Avellino;;;;Avellino;;;x
PROV3260;Rieta;;;;Rieta;;;x
#############################################;;;;;;;x
#Additional CBs;;;;;;;x
#############################################;;;;;;;x
acquire_core_state_tiny;Acquire Tiny Core;;;;;;;;;;;
acquire_core_state_tiny_short;Acquire $STATE$;;;;;;;;;;;
acquire_core_state_tiny_desc;Aquire an enemy ÏYtiny stateÏW where we have ÏYcore provinces.ÏW;;;;;;;;;;;
acquire_core_state_tiny_setup;Acquire tiny core $STATE$ from $RECIPIENT$.;;;;;;;;;;;
acquire_core_state_small;Acquire Small Core;;;;;;;;;;;
acquire_core_state_small_short;Acquire $STATE$;;;;;;;;;;;
acquire_core_state_small_desc;Aquire an enemy ÏYsmall stateÏW where we have ÏYcore provinces.ÏW;;;;;;;;;;;
acquire_core_state_small_setup;Acquire small core $STATE$ from $RECIPIENT$.;;;;;;;;;;;
acquire_core_state_medium;Acquire Medium Core;;;;;;;;;;;
acquire_core_state_medium_short;Acquire $STATE$;;;;;;;;;;;
acquire_core_state_medium_desc;Aquire an enemy ÏYmedium stateÏW where we have ÏYcore provinces.ÏW;;;;;;;;;;;
acquire_core_state_medium_setup;Acquire medium core $STATE$ from $RECIPIENT$.;;;;;;;;;;;
acquire_core_state_large;Acquire Large Core;;;;;;;;;;;
acquire_core_state_large_short;Acquire $STATE$;;;;;;;;;;;
acquire_core_state_large_desc;Aquire an enemy ÏYlarge stateÏW where we have ÏYcore provinces.ÏW;;;;;;;;;;;
acquire_core_state_large_setup;Acquire large core $STATE$ from $RECIPIENT$.;;;;;;;;;;;
acquire_core_state_huge;Acquire Huge Core;;;;;;;;;;;
acquire_core_state_huge_short;Acquire $STATE$;;;;;;;;;;;
acquire_core_state_huge_desc;Aquire an enemy ÏYhuge stateÏW where we have ÏYcore provinces.ÏW;;;;;;;;;;;
acquire_core_state_huge_setup;Acquire huge core $STATE$ from $RECIPIENT$.;;;;;;;;;;;
demand_concession_casus_belli_china;Chinese Core Concession;;;;Concesiµn de nºcleo chino;;;x
demand_concession_casus_belli_china_short;Demand $STATE$ from China;;;;Exigir $STATE$ a China;;;x
demand_concession_casus_belli_china_desc;Force China to concede core territory.;;;;Obligar a China a ceder el territorio principal.;;;x
demand_concession_casus_belli_china_setup;Demand that $RECIPIENT$ secede territory.;;;;Exigir a los $RECIPIENTES$ la secesiµn del territorio.;;;x
acquire_state_tiny;Acquire Tiny State;;;;;;;;;;;
acquire_state_tiny_short;Acquire Tiny State $STATE$.;;;;;;;;;;;
acquire_state_tiny_desc;Aquire an enemy ÏYtiny stateÏW.;;;;;;;;;;;
acquire_state_tiny_setup;Demand that $RECIPIENT$ cede its tiny state.;;;;;;;;;;;
acquire_state_small;Acquire Small State;;;;;;;;;;;
acquire_state_small_short;Acquire Small State $STATE$.;;;;;;;;;;;
acquire_state_small_desc;Aquire an enemy ÏYsmall stateÏW.;;;;;;;;;;;
acquire_state_small_setup;Demand that $RECIPIENT$ cede its small state.;;;;;;;;;;;
acquire_state_small_americas;Acquire Small State;;;;;;;;;;;
acquire_state_small_americas_short;Acquire Small State $STATE$.;;;;;;;;;;;
acquire_state_small_americas_desc;Aquire an enemy ÏYsmall stateÏW.;;;;;;;;;;;
acquire_state_small_americas_setup;Demand that $RECIPIENT$ cede its small state.;;;;;;;;;;;
acquire_state_medium;Acquire Medium State;;;;;;;;;;;
acquire_state_medium_short;Acquire Medium State $STATE$.;;;;;;;;;;;
acquire_state_medium_desc;Aquire an enemy ÏYmedium stateÏW.;;;;;;;;;;;
acquire_state_medium_setup;Demand that $RECIPIENT$ cede its medium state.;;;;;;;;;;;
acquire_state_large;Acquire Large State;;;;;;;;;;;
acquire_state_large_short;Acquire Large State $STATE$.;;;;;;;;;;;
acquire_state_large_desc;Aquire an enemy ÏYlarge stateÏW.;;;;;;;;;;;
acquire_state_large_setup;Demand that $RECIPIENT$ cede its large state.;;;;;;;;;;;
acquire_state_huge;Acquire Huge State;;;;;;;;;;;
acquire_state_huge_short;Acquire Huge State $STATE$.;;;;;;;;;;;
acquire_state_huge_desc;Aquire an enemy ÏYhuge stateÏW.;;;;;;;;;;;
acquire_state_huge_setup;Demand that $RECIPIENT$ cede its huge state.;;;;;;;;;;;
demand_concession_casus_belli_tiny;Tiny State Concession;;;;;;;;;;;
demand_concession_casus_belli_tiny_short;Demand Tiny State $STATE$.;;;;;;;;;;;
demand_concession_casus_belli_tiny_desc;Demand a ÏYtiny stateÏW concession.;;;;;;;;;;;
demand_concession_casus_belli_tiny_setup;Demand that $RECIPIENT$ cede its tiny state.;;;;;;;;;;;
demand_concession_casus_belli_small;Small State Concession;;;;;;;;;;;
demand_concession_casus_belli_small_short;Demand Small State $STATE$.;;;;;;;;;;;
demand_concession_casus_belli_small_desc;Demand a ÏYsmall stateÏW concession.;;;;;;;;;;;
demand_concession_casus_belli_small_setup;Demand that $RECIPIENT$ cede its small state.;;;;;;;;;;;
demand_concession_casus_belli_small_exception;Small State Concession;;;;;;;;;;;
demand_concession_casus_belli_small_exception_short;Demand Small State $STATE$.;;;;;;;;;;;
demand_concession_casus_belli_small_exception_desc;Demand a ÏYsmall stateÏW concession.;;;;;;;;;;;
demand_concession_casus_belli_small_exception_setup;Demand that $RECIPIENT$ cede its small state.;;;;;;;;;;;
demand_concession_casus_belli_medium;Medium State Concession;;;;;;;;;;;
demand_concession_casus_belli_medium_short;Demand Medium State $STATE$.;;;;;;;;;;;
demand_concession_casus_belli_medium_desc;Demand a ÏYmedium stateÏW concession.;;;;;;;;;;;
demand_concession_casus_belli_medium_setup;Demand that $RECIPIENT$ cede its medium state.;;;;;;;;;;;
demand_concession_casus_belli_medium_exception;Medium State Concession;;;;;;;;;;;
demand_concession_casus_belli_medium_exception_short;Demand Medium State $STATE$.;;;;;;;;;;;
demand_concession_casus_belli_medium_exception_desc;Demand a ÏYmedium stateÏW concession.;;;;;;;;;;;
demand_concession_casus_belli_medium_exception_setup;Demand that $RECIPIENT$ cede its medium state.;;;;;;;;;;;
demand_concession_casus_belli_large;Large State Concession;;;;;;;;;;;
demand_concession_casus_belli_large_short;Demand Large State $STATE$.;;;;;;;;;;;
demand_concession_casus_belli_large_desc;Demand a ÏYlarge stateÏW concession.;;;;;;;;;;;
demand_concession_casus_belli_large_setup;Demand that $RECIPIENT$ cede its large state.;;;;;;;;;;;
demand_concession_casus_belli_large_exception;Large State Concession;;;;;;;;;;;
demand_concession_casus_belli_large_exception_short;Demand Large State $STATE$.;;;;;;;;;;;
demand_concession_casus_belli_large_exception_desc;Demand a ÏYlarge stateÏW concession.;;;;;;;;;;;
demand_concession_casus_belli_large_exception_setup;Demand that $RECIPIENT$ cede its large state.;;;;;;;;;;;
demand_concession_casus_belli_huge;Huge State Concession;;;;;;;;;;;
demand_concession_casus_belli_huge_short;Demand Huge State $STATE$.;;;;;;;;;;;
demand_concession_casus_belli_huge_desc;Demand a ÏYhuge stateÏW concession.;;;;;;;;;;;
demand_concession_casus_belli_huge_setup;Demand that $RECIPIENT$ cede its huge state.;;;;;;;;;;;
demand_concession_casus_belli_huge_exception;Huge State Concession;;;;;;;;;;;
demand_concession_casus_belli_huge_exception_short;Demand Huge State $STATE$.;;;;;;;;;;;
demand_concession_casus_belli_huge_exception_desc;Demand a ÏYhuge stateÏW concession.;;;;;;;;;;;
demand_concession_casus_belli_huge_exception_setup;Demand that $RECIPIENT$ cede its huge state.;;;;;;;;;;;
place_in_the_sun_tiny;Tiny Place in the Sun;;;;;;;;;;;
place_in_the_sun_tiny_short;Acquire Tiny State $STATE$.;;;;;;;;;;;
place_in_the_sun_tiny_desc;Demand a ÏYtiny stateÏW colony.;;;;;;;;;;;
place_in_the_sun_tiny_setup;Acquire Tiny State $STATE$ from $RECIPIENT$.;;;;;;;;;;;
place_in_the_sun_small;Small Place in the Sun;;;;;;;;;;;
place_in_the_sun_small_short;Acquire Small State $STATE$.;;;;;;;;;;;
place_in_the_sun_small_desc;Demand a ÏYsmall stateÏW colony.;;;;;;;;;;;
place_in_the_sun_small_setup;Acquire Small State $STATE$ from $RECIPIENT$.;;;;;;;;;;;
place_in_the_sun_medium;Medium Place in the Sun;;;;;;;;;;;
place_in_the_sun_medium_short;Acquire Medium State $STATE$.;;;;;;;;;;;
place_in_the_sun_medium_desc;Demand a ÏYmedium stateÏW colony.;;;;;;;;;;;
place_in_the_sun_medium_setup;Acquire Medium State $STATE$ from $RECIPIENT$.;;;;;;;;;;;
place_in_the_sun_large;Large Place in the Sun;;;;;;;;;;;
place_in_the_sun_large_short;Acquire Large State $STATE$.;;;;;;;;;;;
place_in_the_sun_large_desc;Demand a ÏYlarge stateÏW colony.;;;;;;;;;;;
place_in_the_sun_large_setup;Acquire Large State $STATE$ from $RECIPIENT$.;;;;;;;;;;;
place_in_the_sun_huge;Huge Place in the Sun;;;;;;;;;;;
place_in_the_sun_huge_short;Acquire Huge State $STATE$.;;;;;;;;;;;
place_in_the_sun_huge_desc;Demand a ÏYhuge stateÏW colony.;;;;;;;;;;;
place_in_the_sun_huge_setup;Acquire Huge State $STATE$ from $RECIPIENT$.;;;;;;;;;;;
free_peoples_tiny;Free People Tiny State;;;;;;;;;;;
free_peoples_tiny_short;$THIRD$ acquires $STATE$.;;;;;;;;;;;
free_peoples_tiny_desc;Liberate a ÏYcountryÏW's state from its oppressors.;;;;;;;;;;;
free_peoples_tiny_setup;Hand $STATE$ back to $THIRD$ from $RECIPIENT$.;;;;;;;;;;;
free_peoples_small;Free People Small State;;;;;;;;;;;
free_peoples_small_short;$THIRD$ acquires $STATE$.;;;;;;;;;;;
free_peoples_small_desc;Liberate a ÏYcountryÏW's state from its oppressors.;;;;;;;;;;;
free_peoples_small_setup;Hand $STATE$ back to $THIRD$ from $RECIPIENT$.;;;;;;;;;;;
free_peoples_medium;Free People Medium State;;;;;;;;;;;
free_peoples_medium_short;$THIRD$ acquires $STATE$.;;;;;;;;;;;
free_peoples_medium_desc;Liberate a ÏYcountryÏW's state from its oppressors.;;;;;;;;;;;
free_peoples_medium_setup;Hand $STATE$ back to $THIRD$ from $RECIPIENT$.;;;;;;;;;;;
free_peoples_large;Free People Large State;;;;;;;;;;;
free_peoples_large_short;$THIRD$ acquires $STATE$.;;;;;;;;;;;
free_peoples_large_desc;Liberate a ÏYcountryÏW's state from its oppressors.;;;;;;;;;;;
free_peoples_large_setup;Hand $STATE$ back to $THIRD$ from $RECIPIENT$.;;;;;;;;;;;
free_peoples_huge;Free People Huge State;;;;;;;;;;;
free_peoples_huge_short;$THIRD$ acquires $STATE$.;;;;;;;;;;;
free_peoples_huge_desc;Liberate a ÏYcountryÏW's state from its oppressors.;;;;;;;;;;;
free_peoples_huge_setup;Hand $STATE$ back to $THIRD$ from $RECIPIENT$.;;;;;;;;;;;
#############################################;;;;;;;x
#Additional Modifiers;;;;;;;x
#############################################;;;;;;;x
the_homestead_act_mexico_title;The Mexican Homestead Act;;;;Ley de Asentamientos Rurales de Mexico;;;x
the_homestead_act_mexico_desc;During this time period, there were land reforms in Mexico very similar to the United States Homestead Act.;;;;Durante este periodo de tiempo, hubo reformas agrarias en Mexico muy similares a la Homestead Act de Estados Unidos.;;;x
policestate_modifier;The Police State;;;;Estado policial;;;x
policestate_modifier_desc;You have an active Police State.;;;;Tiene un Estado policial activo.;;;x
one_party_state_modifier;One Party State;;;;Estado monopartidista;;;x
one_party_state_modifier_desc;You have an active One Party State.;;;;Tienes un Estado monopartidista activo.;;;x
totalitarianism_modifier;Totalitarian;;;;Totalitario;;;x
totalitarianism_modifier_desc;You have an active Totalitarianist government.;;;;Tienes un gobierno totalitario activo.;;;x
leadership_principle_modifier;The Leadership Principle;;;;El principio de liderazgo;;;x
leadership_principle_modifier_desc;Your people are enthralled by the Leadership Principle.;;;;Su gente estÃ cautivada por el Principio de Liderazgo.;;;x
ultranationalism_modifier;Ultranationalism;;;;Ultranacionalismo;;;x
ultranationalism_modifier_desc;Your people are enthralled by Ultranationalism.;;;;Su pueblo estÃ cautivado por el ultranacionalismo.;;;x
collectivisation_modifier;Collectivisation;;;;Colectivizaciµn;;;x
collectivisation_modifier_desc;Your people are enthralled by Collectivisation.;;;;Su pueblo estÃ cautivado por la colectivizaciµn.;;;x
classless_society_modifier;Classless Society;;;;Sociedad sin clases;;;x
classless_society_modifier_desc;Your people have created a Classless Society.;;;;Su gente ha creado una sociedad sin clases.;;;x
#############################################;;;;;;;x
#Additional Cultures;;;;;;;x
#############################################;;;;;;;x
andean;Andean;;;;Andina;;;x
aryan;Aryan;;;;Aria;;;x
turkic;Turkic;;;;Turca;;;x
#############################################;;;;;;;x
#Additional Generic Fixes and Additions;;;;;;;x
#############################################;;;;;;;x
UNIT_BUILD_TIME_IW;$VAL$ days.;;;;;;;x
#############################################;;;;;;;x
#Additional Inventions;;;;;;;x
#############################################;;;;;;;x
pop_shift_invention_1;ÏGPOP Bonus Promotion Event 1;;;;;;;;;;;;;;;;;;;;x,,,,,;;;;;;;;;;;;;;;;;;;;
pop_shift_invention_1_desc;Your first promotion bonus invention has been completed! With this bonus, you may choose which POP type receives a bonus to passive promotion chance. You will only be able to see this bonus in the population menu under a specific pop group, then mouse over their promotion chance to whatever it is you gave a bonus to! ÏGYou will be able to reset these bonuses at anytime using the Clear All National Promotion Bonuses decision.;;;;;;;;;;;;;;;;;;;;x,,,,,;;;;;;;;;;;;;;;;;;;;
pop_shift_invention_2;ÏGTier 2 National Focus Unlock;;;;;;;;;;;;;;;;;;;;x,,,,,;;;;;;;;;;;;;;;;;;;;
pop_shift_invention_2_desc;Your Tier 2 National Focuses have unlocked!;;;;;;;;;;;;;;;;;;;;x,,,,,;;;;;;;;;;;;;;;;;;;;
pop_shift_invention_3;ÏGTier 3 National Focus Unlock;;;;;;;;;;;;;;;;;;;;x,,,,,;;;;;;;;;;;;;;;;;;;;
pop_shift_invention_3_desc;Your Tier 3 National Focuses have unlocked!;;;;;;;;;;;;;;;;;;;;x,,,,,;;;;;;;;;;;;;;;;;;;;
pop_shift_invention_4;ÏGTier 4 National Focus Unlock;;;;;;;;;;;;;;;;;;;;x,,,,,;;;;;;;;;;;;;;;;;;;;
pop_shift_invention_4_desc;Your Tier 4 National Focuses have unlocked!;;;;;;;;;;;;;;;;;;;;x,,,,,;;;;;;;;;;;;;;;;;;;;
pop_shift_invention_5;ÏGTier 5 National Focus Unlock;;;;;;;;;;;;;;;;;;;;x,,,,,;;;;;;;;;;;;;;;;;;;;
pop_shift_invention_5_desc;Your Tier 5 National Focuses have unlocked!;;;;;;;;;;;;;;;;;;;;x,,,,,;;;;;;;;;;;;;;;;;;;;
pop_shift_invention_6;ÏGTier 6 National Focus Unlock;;;;;;;;;;;;;;;;;;;;x,,,,,;;;;;;;;;;;;;;;;;;;;
pop_shift_invention_6_desc;Your Tier 6 National Focuses have unlocked!;;;;;;;;;;;;;;;;;;;;x,,,,,;;;;;;;;;;;;;;;;;;;;
industrial_tanneries;Industrial Tanneries;;;;Curtiembres industriales;;;x
industrial_tanneries_desc;In the Victorian era tanneries were often close to the abattoirs and so the skins would often arrive at the tannery fresh and unsalted. With industrial levels of meat consumption, it was inevitable that the leather industry advance as well.;;;;En la epoca victoriana, las curtidurÚas solÚan estar cerca de los mataderos, por lo que las pieles solÚan llegar a la curtidurÚa frescas y sin salar. Con los niveles industriales de consumo de carne, era inevitable que la industria del cuero avanzara tambien.;;;x
offensive_infantry_activation;Activate Offensive Infantry;;;;Activar la infanterÚa ofensiva;;;x
defensive_infantry_activation;Activate Defensive Infantry;;;;Activar la infanterÚa defensiva;;;x
offensive_artillery_activation;Activate Offensive Artillery;;;;Activar la artillerÚa ofensiva;;;x
defensive_artillery_activation;Activate Defensive Artillery;;;;Activar la artillerÚa defensiva;;;x
#############################################;;;;;;;x
#Additional Triggered Modifiers;;;;;;;;;;;;;;x
#############################################;;;;;;;x
political_reformed_nation;Politically Liberal State;;;;Estado polÚticamente liberal;;;x
political_reformed_nation_desc;Our country political reforms match every liberal demand, giving us international recognition as a truly free state.;;;;Las reformas polÚticas de nuestro paÚs estÃn a la altura de todas las exigencias liberales, lo que nos permite ser reconocidos internacionalmente como un Estado verdaderamente libre.;;;x
